{
  "0}": "śṝ",
  "08": "śṛ",
  "j#": "jñ",
  "n~": "ñ",
  "t.h": "ṭh",
  "d.h": "ḍh",
  "sh": "ś",
  "~n": "ñ",
  "n.t": "ṇṭ",
  "aa": "ā",
  "ii": "ī",
  "uu": "ū",
  "{": "ṅ",
  "{g": "ṅg",
  "=o": "kṣ",
  "=a": "ṣ",
  "=ḍh": "ṣṭh",
  "#k": "ṅk",
  "#kh": "ṅkh",
  "#g": "ṅg",
  "#gh": "ṅgh",
  "#c": "ñc",
  "#ch": "ñch",
  "#j": "ñj",
  "#jh": "ñjh",
  "#ṭ": "ṇṭ",
  "#ṭh": "ṇṭh",
  "#ḍ": "ṇḍ",
  "#ḍh": "ṇḍh",
  "#t": "nt",
  "#th": "nth",
  "#d": "nd",
  "#dh": "ndh",
  "#p": "mp",
  "#ph": "mph",
  "#b": "mb",
  "#bh": "mbh",
  "#n": "nn",
  "#m": "mm",
  "#ṅ": "ṅṅ"
}